,Freq (GHz),amp 0.1,amp 0.15,amp 0.2,amp 0.25,amp 0.3,amp 0.35,amp 0.4,amp 0.44999999999999996,amp 0.5,amp 0.5499999999999999,amp 0.6,amp 0.6499999999999999,amp 0.7,amp 0.7499999999999999,amp 0.7999999999999999,amp 0.8499999999999999,amp 0.8999999999999999,amp 0.95,amp 0.9999999999999999
0,4.964452361343912,(0.55995166359552-1.64748066816j),(0.36089465143296-1.79467456610304j),(-0.09311447154688-1.111620583424j),(0.75521455030272-1.5655793328128j),(0.57895693582336-1.72077512392704j),(0.5755421851648-1.53762362556416j),(0.8031634980864-1.65093543247872j),(0.58285105348608-1.50415307964416j),(0.72519490994176-1.51735121215488j),(0.77581395165184-1.47487767658496j),(0.65130456940544-1.43608254562304j),(0.8593894014976-1.59869655056384j),(0.77093975097344-1.73719968284672j),(0.82202494763008-1.67243560255488j),(0.35993327501312-1.90518088695808j),(0.72855261806592-1.54188856164352j),(0.56004662263808-1.74906872430592j),(0.815181856768-1.5587233234944j),(0.47434491232256-1.66631997177856j)
1,4.964722631614182,(0.57293613826048-1.51642326433792j),(0.3619172646912-1.78829469417472j),(-0.05936591142912-1.17303031103488j),(0.6761715073024-1.44261945229312j),(0.45649894572032-1.61839686090752j),(0.45764411654144-1.67494799065088j),(0.702055186432-1.58558683398144j),(0.63885407158272-1.68097570881536j),(0.64310034300928-1.578744414208j),(0.72390843301888-1.45676616859648j),(0.71034757709824-1.4712049762304j),(0.8691931676672-1.4682253426688j),(0.71980707479552-1.58351384117248j),(0.80298574348288-1.63000736546816j),(0.30837296857088-1.93717352792064j),(0.65907149766656-1.64322042970112j),(0.58632460828672-1.70491142733824j),(0.84731769126912-1.51582716985344j),(0.31907379150848-1.5746935554048j)
2,4.964992901884453,(0.55529808330752-1.56652858769408j),(0.44968697659392-1.65717018148864j),(-0.25430853681152-1.03329254342656j),(0.66462135877632-1.4538137141248j),(0.3178465591296-1.79162413268992j),(0.42359089790976-1.76110755119104j),(0.80321475248128-1.55330327609344j),(0.48463744073728-1.60251756150784j),(0.73184279789568-1.55490784903168j),(0.58670339588096-1.4228815609856j),(0.64785781620736-1.3924132978688j),(0.90897001742336-1.48238212530176j),(0.57024188514304-1.68164226760704j),(0.69902316601344-1.5966675140608j),(0.31915383980032-1.84275857047552j),(0.71200977977344-1.56160330039296j),(0.68882333171712-1.62499383001088j),(0.91491292676096-1.53118385897472j),(0.39340042354688-1.65037993885696j)
3,4.965263172154724,(0.57227658395648-1.49246640652288j),(0.43700793114624-1.80744169193472j),(-0.08656167370752-1.1480938315776j),(0.70995046039552-1.49678502969344j),(0.47471086534656-1.8422272360448j),(0.5831484296396799-1.60091936391168j),(0.76403886260224-1.52601546981376j),(0.60157128081408-1.57407598608384j),(0.65928200978432-1.58866763415552j),(0.77849537019904-1.52535813849088j),(0.67522657255424-1.50880171065344j),(0.90763362828288-1.54364513615872j),(0.77919506399232-1.61090700836864j),(0.8036743643136-1.6506314293248j),(0.30830516764672-1.90579879182336j),(0.80840335818752-1.62254586642432j),(0.57224999206912-1.80857868386304j),(0.98114308407296-1.53768603680768j),(0.51078229917696-1.59795063554048j)
4,4.965533442424993,(0.5373360603136-1.46477242384384j),(0.30900836368384-1.72099222110208j),(-0.1423560933376-1.15269406031872j),(0.54765094436864-1.37056969818112j),(0.49817883508736-1.71728512745472j),(0.66939971960832-1.53539829563392j),(0.76384131088384-1.54319986884608j),(0.73462781575168-1.66810389315584j),(0.59634995953664-1.56937031254016j),(0.79699116032-1.4966937616384j),(0.71779590602752-1.48855211425792j),(0.82536218755072-1.48543004213248j),(0.79592815591424-1.7403324923904j),(0.93976535236608-1.68319147573248j),(0.54038213165056-1.82130906759168j),(0.7516406677504-1.56861282123776j),(0.623621701632-1.80549821923328j),(0.9062825590784-1.56063106072576j),(0.176946675712-1.78879029313536j)
5,4.965803712695264,(0.6031155396608-1.4712704073728j),(0.21017879642112-1.81389655801856j),(0.0162231287808-1.20107720245248j),(0.7599017689088-1.479599456256j),(0.5881701859328-1.60286937972736j),(0.61665185890304-1.64812273221632j),(0.77932953337856-1.58260602601472j),(0.74640693133312-1.618166677504j),(0.79957627764736-1.71000398348288j),(0.69156867145728-1.47440506241024j),(0.59853322059776-1.43641808994304j),(0.9182229037056-1.4501445369856j),(0.6575953543168-1.53483642667008j),(0.82451099549696-1.66184045510656j),(0.42586291044352-1.88245161803776j),(0.75315346931712-1.78202269974528j),(0.50936693129216-1.8355146719232j),(0.86072813944832-1.49984099958784j),(0.43811757621248-1.59501428719616j)
6,4.9660739829655345,(0.59691421925376-1.516207341568j),(0.24825663848448-1.7154292318208j),(0.09937625284608-1.1873164460032j),(0.7133802266624-1.4963758333952j),(0.49274897301504-1.7764043456512j),(0.64128257359872-1.68890646659072j),(0.77772311494656-1.49026540355584j),(0.53607927906304-1.52603577024512j),(0.82115504898048-1.54588657221632j),(0.73389028933632-1.53382828376064j),(0.55825926193152-1.43024440999936j),(0.93338002784256-1.56379121713152j),(0.72481901641728-1.63801596952576j),(0.82524474703872-1.53435240398848j),(0.34220747522048-1.85753795559424j),(0.54407165116416-1.67764174045184j),(0.57213980770304-1.6897919680512j),(0.843273207808-1.48141928087552j),(0.23274310336512-1.69891843801088j)
7,4.966344253235804,(0.55367367131136-1.55254897246208j),(0.50114118811648-1.71002478723072j),(-0.04643864707072-1.06543970254848j),(0.64801715781632-1.43756145721344j),(0.23479122395136-1.87615278006272j),(0.4202711482368-1.6366325202944j),(0.7618097577984-1.58383076278272j),(0.76602780155904-1.57939570573312j),(0.59700775223296-1.58230353281024j),(0.69495888543744-1.42901162016768j),(0.555653005312-1.489154080768j),(0.95205592137728-1.58764774719488j),(0.71016093057024-1.71813053136896j),(0.81366351872-1.59570886393856j),(0.32841763127296-1.82441134260224j),(0.74709630713856-1.66206610866176j),(0.51416076910592-1.68252844015616j),(0.86858927177728-1.46497677033472j),(0.38237712154624-1.71064571199488j)
8,4.966614523506075,(0.68860493430784-1.54514787139584j),(0.39793475977216-1.77403724824576j),(-0.07194252673024-1.1478891495424j),(0.68385220067328-1.5004753461248j),(0.46788853628928-1.65194021994496j),(0.59066734870528-1.68594042257408j),(0.81796947509248-1.56497384308736j),(0.75773390094336-1.56775651213312j),(0.66342476578816-1.49590254813184j),(0.72486221774848-1.52299942969344j),(0.54926642249728-1.4884133666816j),(0.91504169189376-1.55981854015488j),(0.65067047452672-1.61695133597696j),(0.66784111624192-1.66276018208768j),(0.2201444417536-1.95145681076224j),(0.61808597532672-1.71609159630848j),(0.66049563164672-1.6610165260288j),(0.97645846593536-1.50407623999488j),(0.35020716638208-1.56848883761152j)
9,4.966884793776345,(0.65451786764288-1.54872376721408j),(0.52422709870592-1.68331646599168j),(0.01094674415616-1.14429177888768j),(0.769302462464-1.43305828466688j),(0.50222663204864-1.72295666532352j),(0.53065994469376-1.65963223793664j),(0.75444221116416-1.5149649887232j),(0.73211970584576-1.6183721984j),(0.59855284994048-1.52788730380288j),(0.68192177225728-1.49345190019072j),(0.55456663863296-1.49657766330368j),(0.79731336675328-1.49407970361344j),(0.7455262113792-1.6027937144832j),(0.72550335905792-1.64968217444352j),(0.4939510185984-1.75692230688768j),(0.59171630219264-1.58799251898368j),(0.56939279024128-1.63501754548224j),(0.68807951384576-1.44415322537984j),(0.27858627985408-1.54738477760512j)
10,4.967155064046616,(0.5000587640832-1.53335046864896j),(0.48369808441344-1.592526897152j),(0.01736896544768-1.20716439584768j),(0.71206808059904-1.50269513957376j),(0.28845063274496-1.83291219017728j),(0.63148388253696-1.7303919919104j),(0.78049127170048-1.60490546266112j),(0.54731477090304-1.61156618518528j),(0.70342705938432-1.45282939486208j),(0.85715543130112-1.4906648690688j),(0.5258782703616-1.44968115027968j),(0.9319047233536-1.56209353064448j),(0.76754286804992-1.5739662630912j),(0.81188697931776-1.64645608357888j),(0.13113050005504-1.81918859526144j),(0.6074562248704-1.56713609068544j),(0.51186937888768-1.7193441951744j),(0.81475512827904-1.42574861942784j),(0.24573758144512-1.68285257596928j)
11,4.967425334316886,(0.48690328764416-1.49741031653376j),(0.57011995672576-1.73779980386304j),(-0.0476444360704-1.06712858099712j),(0.68119494131712-1.40047659565056j),(0.36545436319744-1.74956633653248j),(0.47656923561984-1.53630845960192j),(0.76753632493568-1.58086052446208j),(0.57578977492992-1.6386550136832j),(0.64695918657536-1.55266859401216j),(0.82026963140608-1.5589172681113599j),(0.69041897078784-1.46069220491264j),(1.04197743706112-1.5175134478336j),(0.6498474262528-1.69986786066432j),(0.82417545117696-1.61763551084544j),(0.39268726603776-1.7161347137536j),(0.57507498164224-1.73857726005248j),(0.69437319282688-1.6300122308608j),(0.8804527767552-1.48066548056064j),(0.19264759136256-1.6454682411008j)
12,4.967695604587156,(0.59220787462144-1.5853445709824j),(0.48998714966016-1.68793959563264j),(-0.00708213014528-1.15889072504832j),(0.75405172146176-1.50167474929664j),(0.40037920014336-1.62039267852288j),(0.48348354576384-1.7512242610176j),(0.74464029048832-1.60580707024896j),(0.7902827905024-1.4518581618278399j),(0.83801111789568-1.59107499687936j),(0.71154580586496-1.44473908576256j),(0.68105824894976-1.39179438637056j),(0.99946707550208-1.58403192160256j),(0.69765796200448-1.64919479631872j),(0.75104138559488-1.74158625374208j),(0.51819015307264-1.84104058355712j),(0.601053200384-1.80110896398336j),(0.43051628101632-1.8609984241664j),(0.8587862605824-1.51088594419712j),(0.61064364425216-1.57632748847104j)
13,4.967965874857427,(0.5542137298944-1.4982590758912j),(0.60045538623488-1.61210372718592j),(-0.01332699725824-1.04941377028096j),(0.79782842728448-1.549904379904j),(0.4148317650944-1.64466645794816j),(0.43626222583808-1.69934223048704j),(0.66450387632128-1.57407481167872j),(0.65630447337472-1.58824317059072j),(0.63137533394944-1.53937197924352j),(0.72109992706048-1.4526476976128j),(0.51251127517184-1.32806193709056j),(1.01144558829568-1.5779315580928j),(0.9082433961984-1.74831207186432j),(0.7616612794368-1.65331041517568j),(0.42854344818688-1.86686222893056j),(0.62093122338816-1.6738703900672j),(0.56517105549312-1.67720217739264j),(0.94374172033024-1.49371479916544j),(0.15262315184128-1.60420266508288j)
14,4.968236145127697,(0.44475816607744-1.53124341809152j),(0.4574878367744-1.70315216846848j),(-0.25233429889024-1.12067474358272j),(0.77678937899008-1.42432876363776j),(0.56885566767104-1.64084158824448j),(0.4088972443648-1.70543470870528j),(0.62232826216448-1.47020455084032j),(0.60482127921152-1.55748449386496j),(0.44121628606464-1.40823706468352j),(0.71985858084864-1.4296335515648j),(0.56299404394496-1.45586439323648j),(0.96185851314176-1.5571823362048j),(0.86473940402176-1.6092613312512j),(0.77780398112768-1.68712539734016j),(0.39390109761536-1.78196465057792j),(0.55996105883648-1.63163844640768j),(0.57957756698624-1.62422711123968j),(0.79204574035968-1.41743030796288j),(0.23552738721792-1.51284032208896j)
15,4.968506415397967,(0.49340215197696-1.57433485852672j),(0.44109024722944-1.7242330759168j),(0.05214288478208-1.06619971043328j),(0.79388544598016-1.56427708530688j),(0.46638974369792-1.64719998533632j),(0.3677920165888-1.70171788427264j),(0.63260887875584-1.60441221251072j),(0.45703892041728-1.55258319798272j),(0.39251777421312-1.47102411784192j),(0.69233803264-1.36137855205376j),(0.48905198764032-1.44122459455488j),(0.79775016157184-1.57256855322624j),(0.63413250162688-1.66576145825792j),(0.7749643534336-1.62582698655744j),(0.3570885722112-1.87265405943808j),(0.61013336522752-1.59404758401024j),(0.4053685764096-1.76157982982144j),(0.709428772864-1.3891698425856j),(0.1018481344512-1.67462502924288j)
16,4.968776685668238,(0.61339204583424-1.60768813170688j),(0.27652708630528-1.70301560193024j),(-0.16333181812736-1.06413074415616j),(0.64017309630464-1.51052372410368j),(0.51915589156864-1.73163535138816j),(0.58410544398336-1.5901420158976j),(0.58033002512384-1.46534284918784j),(0.36993148911616-1.64894397693952j),(0.28639349440512-1.28222045929472j),(0.503679287296-1.33595905654784j),(0.46964053901312-1.40922440384512j),(0.87777563639808-1.53471613403136j),(0.54299916763136-1.5523991519232j),(0.7465596878848-1.62669487194112j),(0.33957460574208-1.71314216173568j),(0.62000231088128-1.49925681692672j),(0.41326955462656-1.65401572933632j),(0.58069639757824-1.3777361698816j),(-0.012575271813119999-1.36676898766848j)
17,4.969046955938508,(0.58205136748544-1.55647400214528j),(0.65665977286656-1.60721534976j),(0.04891994488832-1.13210984235008j),(0.87885927677952-1.48134059573248j),(0.26620635119616-1.62139427831808j),(0.30767199551488-1.61718302932992j),(0.54363091369984-1.57340607184896j),(0.25277814013952-1.42479953231872j),(0.37582591229952-1.48848198549504j),(0.48407083220992-1.30396264071168j),(0.47747461808128-1.33576536358912j),(0.73091862495232-1.38153394438144j),(0.639871483904-1.58723049783296j),(0.70773402238976-1.62416419667968j),(0.31331306176512-1.71158339059712j),(0.71615240994816-1.55031324065792j),(0.23191697227776-1.63531165007872j),(0.4660928708608-1.35284029128704j),(-0.25312100352-1.44968769339392j)
18,4.969317226208778,(0.49606289260544-1.47902852759552j),(0.5397580611584-1.69734976831488j),(0.02329940066304-1.08566488809472j),(0.67991676911616-1.44187118845952j),(0.31721391128576-1.64464246652928j),(0.57748230242304-1.60551514669056j),(0.60586507370496-1.56283055374336j),(0.2740697694208-1.48735455657984j),(0.36937800876032-1.38402561261568j),(0.36681386295296-1.34211428155392j),(0.3107071197184-1.36590538047488j),(0.91413370896384-1.48635245346816j),(0.74614159966208-1.45482152148992j),(0.76686783676416-1.65046650929152j),(0.41637459787776-1.71857680531456j),(0.46073154371584-1.59341961281536j),(0.47643338211328-1.52029494247424j),(0.5536361742336-1.28131490906112j),(-0.15862807396352-1.20166666993664j)
19,4.969587496479049,(0.50853134204928-1.5784189362176j),(0.63147750719488-1.64387557998592j),(-0.10964816625664-1.18094932475904j),(0.7835979087872-1.50005105033216j),(0.4118944940032-1.66954891476992j),(0.48056116445184-1.69030233096192j),(0.5449705324544-1.4328556158976j),(0.40438572515328-1.55990745939968j),(0.43100638543872-1.34055718813696j),(0.42094177550336-1.35673101156352j),(0.19241522692096-1.32311441997824j),(0.82913982939136-1.53649720328192j),(0.6762457464832-1.68572819079168j),(0.84541138010112-1.66154366615552j),(0.26770780717056-1.9329877803008j),(0.5895234781184-1.72635589705728j),(0.48818225676288-1.69977223053312j),(0.57988341563392-1.37699268755456j),(0.12113169874944-1.33263389622272j)
20,4.969857766749319,(0.59637881634816-1.47302916292608j),(0.42356711620608-1.70223277703168j),(0.01696102612992-1.10210689531904j),(0.74092489211904-1.54217796861952j),(0.54957856260096-1.80520612790272j),(0.48831257378816-1.72778363813888j),(0.58534758711296-1.4746199785472j),(0.24030472044544-1.40372214808576j),(0.21737989210112-1.34512050700288j),(0.45851833532416-1.36612222599168j),(0.15632612458496-1.31050894262272j),(0.79029688336384-1.52123429879808j),(0.6299282571264-1.67352175951872j),(0.77704497987584-1.73610446618624j),(0.42215233552384-1.93317383962624j),(0.6906179485696-1.63314655035392j),(0.600654741504-1.76523273306112j),(0.75387849670656-1.43316448444416j),(0.02019397861376-1.58435018539008j)
21,4.970128037019589,(0.64323120529408-1.42053761613824j),(0.35282208423936-1.651658194944j),(-0.33401438470144-1.10858701111296j),(0.76931445817344-1.539523477504j),(0.47016520450048-1.62928879730688j),(0.64172805062656-1.61875824214016j),(0.68055128342528-1.48974983970816j),(0.21703251984384-1.46488164352j),(0.19678537711616-1.38119118585856j),(0.11759258697728-1.21265809522688j),(-0.13462472228864-1.1362939961344j),(0.66089937534976-1.5157593899008j),(0.56726111911936-1.54185400057856j),(0.68535728472064-1.55414515679232j),(0.09260963463168-2.01312801128448j),(0.64792446369792-1.7314313404416j),(0.55245770063872-1.82443952832512j),(0.89416076886016-1.49417919250432j),(0.17348174020608-1.44323047849984j)
22,4.97039830728986,(0.3291407712256-1.48195212525568j),(0.32592105570304-1.54891922178048j),(-0.48352016203776-1.01574743425024j),(0.66866521309184-1.50231429677056j),(0.56543324143616-1.59041514897408j),(0.50702323810304-1.65775553855488j),(0.69479199408128-1.5120600137728j),(0.13058894200832-1.3890888925184j),(-0.07502897348608-1.26573952892928j),(-0.11656939700224-1.02242627616768j),(-0.49227606523904-1.093073371136j),(0.41550037909504-1.35003329527808j),(0.441175769088-1.39179346362368j),(0.47631808069632-1.40072615673856j),(0.25841094361088-1.7464880529408j),(0.45526888218624-1.65290675535872j),(0.63752292532224-1.74238367481856j),(0.84105710534656-1.50263860035584j),(0.178105352192-1.76149594374144j)
23,4.97066857756013,(0.45675077173248-1.55121166057472j),(0.20501405630464-1.52474895777792j),(-0.479154143232-0.98066711445504j),(0.50562028535808-1.38757030281216j),(0.29784925011968-1.60825956368384j),(0.35092128858112-1.74838119399424j),(0.87060966801408-1.51183503130624j),(0.19457537736704-1.45488208723968j),(0.05896833335296-1.25033896738816j),(-0.6613689696256-0.99139958341632j),(-0.91592786444288-0.80003555393536j),(0.32990944034816-1.19000516263936j),(-0.18865268457472-1.19601685856256j),(0.23943777878016-1.35453361569792j),(0.04944850583552-1.4958934884352j),(0.56988079751168-1.59958893068288j),(0.51963999813632-1.73055003328512j),(0.83336701673472-1.42684635267072j),(0.32335707766784-1.49918333272064j)
24,4.970938847830401,(0.23331315122176-1.50628982587392j),(-0.13267744325632-1.5552487620608j),(-0.7268955324416-1.02582710173696j),(0.12213492383744-1.37887928549376j),(0.20665738461184-1.5696318693376j),(0.44051218825216-1.63164163407872j),(0.43938127806464-1.420308774912j),(0.06395929821184-1.43496048541696j),(-0.5898672013312-1.04808174321664j),(-1.03831648075776-0.72501220605952j),(-1.59766441623552-0.49299543031808j),(-0.21208942772224-1.01955502342144j),(-0.38077049339904-1.10038370746368j),(-0.14670929854464-1.3590241214464j),(-0.26683327381504-1.3829371068416j),(0.375697440768-1.41293367853056j),(0.56048928948224-1.62307267100672j),(0.78808547852288-1.4383635759104j),(0.19949301006336-1.50635727028224j)
25,4.971209118100671,(-0.13321512157184-1.52778546610176j),(-0.17391631204352-1.45470911414272j),(-1.05383414726656-1.10842091667456j),(0.04305463803904-1.1466098868224j),(0.03785408380928-1.71985606803456j),(0.29611085791232-1.51946061152256j),(0.524252348416-1.47277314260992j),(0.03474115526656-1.23224968921088j),(-0.65712366288896-0.94002179211264j),(-1.30233021759488-0.60243954368512j),(-2.43866112360448-0.19027720142848j),(-0.44409638879232-0.81852547203072j),(-0.88232108752896-0.90468419371008j),(-0.37356702793727997-1.00458051928064j),(-0.3148373557248-1.45291797856256j),(0.35370578214912-1.38161162289152j),(0.4416568557568-1.57857563541504j),(0.6402611347456-1.34898237046784j),(0.19444285833216-1.41446795493376j)
26,4.971479388370941,(-0.14826722033664-1.4657825800192j),(-0.45121240301568-1.26315097227264j),(-1.67790094843904-0.92093653450752j),(-0.13269028831232-1.19368474165248j),(-0.0392398897152-1.37971260981248j),(0.15657345220608-1.54804932313088j),(0.67601896046592-1.5277265780736j),(0.08574337548288-1.2617057828864j),(-0.9994422452224-0.87753454780416j),(-1.70603214536704-0.45400295735296j),(-2.68517479809024-0.04128224837632j),(-0.66261732032512-0.68079581134848j),(-1.02722053341184-0.8173532479488j),(-0.47762020237312-1.03127650926592j),(-0.45193462022144-1.28568470274048j),(0.23726416461824-1.4139351105536j),(0.39260652568576-1.59368905490432j),(0.62715947122688-1.36778669359104j),(0.06346534027264-1.432484839424j)
27,4.971749658641212,(-0.63468052938752-1.47081138274304j),(-0.82674437849088-1.1910682509312j),(-1.80869595660288-0.867201712128j),(-0.55466050715648-1.0205018456064j),(-0.44829459349504-1.3632037453824j),(0.28873334980608-1.56477838852096j),(0.78839837360128-1.57650583027712j),(0.16455532806144-1.40821726756864j),(-0.80368686333952-0.86972768976896j),(-1.97457380114432-0.4115092471808j),(-2.71039246368768-0.00384229507072j),(-0.89897566208-0.62655532367872j),(-1.03651460775936-0.76667288551424j),(-0.5688558354432-0.86097661001728j),(-0.49768671739904-1.18477058736128j),(0.16238555168768-1.40897677213696j),(0.44695350673408-1.67266561818624j),(0.82614845177856-1.50398480416768j),(0.06711382376448-1.58312477753344j)
28,4.9720199289114815,(-0.8813713293312-1.4563890167808j),(-1.48019638960128-1.00464636985344j),(-2.7301488099328-0.78635474092032j),(-0.7642634256384-0.9236767571968j),(-0.65791487639552-1.15040321536j),(0.1840395583488-1.51547283505152j),(0.77689155223552-1.58701491060736j),(0.34201059459072-1.3306202947584j),(-0.4529430986752-1.01313522171904j),(-1.64372441726976-0.4570610663424j),(-2.80359174406144+0.00455972552704j),(-0.8016338354176-0.75611615789056j),(-1.15547236728832-0.66966861643776j),(-0.80257310785536-0.91609228115968j),(-0.49584847978496-1.244779249664j),(0.34319561129984-1.46519655186432j),(0.62797891239936-1.6958485430272j),(0.80679207436288-1.43154799968256j),(0.22763513315328-1.52864496287744j)
29,4.972290199181752,(-1.47231546015744-1.43614915117056j),(-1.59457321418752-0.676129144832j),(-3.7154034024448-0.71435800281088j),(-2.02558006099968-0.44242164514816j),(-1.13599569723392-0.86518853009408j),(-0.12434976800768-1.44564622983168j),(0.68757279997952-1.55124924153856j),(0.60873766862848-1.57153826439168j),(-0.33183391285248-1.16788012515328j),(-1.52467698352128-0.5037214400512j),(-2.70488634916864-0.10303418925056j),(-0.79605146845184-0.71295844745216j),(-1.44216143429632-0.52511775916032j),(-1.0769328504832-0.7245945372672j),(-0.87043015180288-0.91143417102336j),(0.0742590251008-1.3389971587072j),(0.16164321230848-1.6489184755712j),(0.89022407901184-1.59050390044672j),(0.43897111707648-1.6204165021696j)
30,4.972560469452023,(-1.63352001118208-1.43929655689216j),(-2.28931252781056-0.40353679802368j),(-4.98099034259456-0.64620295356416j),(-2.63175010254848-0.11741944610816j),(-1.97288383217664-0.49499514863616j),(-0.62204409806848-1.2980842397696j),(0.5012370279628799-1.51622176997376j),(0.70741835907072-1.60852632141824j),(-0.10939669676032-1.30149135679488j),(-1.22547555270656-0.67863574478848j),(-2.68756538359808-0.1340398895104j),(-0.91043307454464-0.62529048936448j),(-1.4475935612928-0.47648123912192j),(-1.17916699721728-0.74437084839936j),(-1.17708586745856-0.99008416579584j),(-0.14108258729984-1.19293245128704j),(0.10292564066304-1.52370960924672j),(0.63783355547648-1.3461618688j),(0.37227560173568-1.6554808836096j)
31,4.972830739722293,(-2.35500539478016-1.414940065792j),(-2.74972731768832-0.12865300856832j),(-5.69447098089472-0.36156624338944j),(-3.96430145486848+0.42720924008448j),(-2.82348935446528-0.17769215033344j),(-1.33394209964032-0.96235595759616j),(0.12105043410944-1.34630103580672j),(0.78580302217216-1.54168387960832j),(0.28370551177216-1.41583194259456j),(-1.0110776639488-0.74890547822592j),(-2.65875068289024-0.04495851913216j),(-1.13364730642432-0.46734763884544j),(-2.13068109840384-0.2825014738944j),(-1.78314174005248-0.37943867604992j),(-1.54979583131648-0.65200543760384j),(-0.67014697680896-0.98544811769856j),(-0.0850237325312-1.19334298976256j),(0.40733058793472-1.285254283264j),(0.37146991788032-1.61948083683328j)
32,4.973101009992563,(-3.4044259598336-1.45546475995136j),(-3.63903485739008+0.19001797246976j),(-7.10261358985216-0.09331250561024j),(-5.14156541247488+0.82879522537472j),(-3.7368346181632+0.23975425998848j),(-1.87126893248512-0.52739950247936j),(-0.32216184782848-1.26861698924544j),(0.56712040022016-1.51320992415744j),(0.358206144512-1.410548629504j),(-0.71079938752512-0.83532433063936j),(-2.88085535358976-0.06352925097984j),(-1.26732715687936-0.46552919834624j),(-2.54627169697792-0.02973032251392j),(-2.27707891744768-0.102045843456j),(-2.18297215746048-0.23174328614912j),(-1.42492385148928-0.6121270018048j),(-0.5838089486336-0.88064974127104j),(0.05642709368832-1.12295392837632j),(0.17385198190592-1.50712684118016j)
33,4.973371280262834,(-3.41129723641856-1.42319932145664j),(-4.6497852817408+0.47497258991616j),(-8.79039749292032+0.05052369993728j),(-6.0284496510976+1.28274936102912j),(-4.74964058701824+0.78646756769792j),(-2.6508940804096-0.32649129230336j),(-0.69991571390464-1.10179215474688j),(0.43250060623872-1.43435113693184j),(0.29273580634112-1.30718025908224j),(-0.93593595281408-0.78241796718592j),(-3.21723987656704+0.10371652911104j),(-1.43442915098624-0.40617707044864j),(-2.72485341724672+0.16812465979392j),(-2.80272603971584+0.17477239046144j),(-2.568566603776-0.00973387071488j),(-1.69479694712832-0.46956432850944j),(-0.66308586602496-0.91904272236544j),(-0.10521518538752-0.98116028071936j),(-0.26995912081408-1.53640979398656j)
34,4.973641550533104,(-4.28547239837696-1.3382287622144j),(-4.64078631862272+0.66142353752064j),(-10.00234398253056+0.15373331070976j),(-6.7021320486912+1.60233435430912j),(-5.37370906591232+1.0498946891776j),(-3.34585602768896+0.0631404232704j),(-1.10735657009152-1.01736752611328j),(0.32752621584384-1.43180385222656j),(0.13201570791424-1.27229279338496j),(-1.20366768848896-0.6958526496768j),(-3.60068449042432+0.30498216738816j),(-1.91574013116416-0.13446274875392j),(-3.12847632433152+0.33659954397184j),(-3.02049816215552+0.3502843625472j),(-3.00286430150656+0.27974904578048j),(-1.60324619599872-0.45034443374592j),(-0.68233772138496-1.0124349407232j),(-0.07199042568192-1.10408937504768j),(-0.04327471316992-1.23593564356608j)
35,4.973911820803374,(-5.10117191614464-1.13114875953152j),(-5.1023154511872+0.87648773341184j),(-10.38390686384128+0.20946788286464j),(-7.43852365316096+1.89609518563328j),(-5.61980398108672+1.10926942437376j),(-3.41357222690816+0.01433882984448j),(-0.66695024607232-1.0181752651776j),(0.51281276174336-1.49342857986048j),(0.32320620855296-1.38785517993984j),(-1.4497628553216-0.64439667654656j),(-3.57191391379456+0.34656250494976j),(-1.90476900630528-0.104300544j),(-3.3307840479232+0.36716488425472j),(-2.9036713607168+0.13126349094912j),(-2.7065113903104-0.03656155922432j),(-1.5572829995008-0.54702943240192j),(-0.63251521994752-1.00933568561152j),(0.08890473250816-1.13919528009728j),(0.19937229799424-1.45219035070464j)
36,4.9741820910736445,(-4.75824528556032-1.21992892121088j),(-5.37108611596288+1.01420216877056j),(-11.10165629698048+0.13301111062528j),(-7.98408986066944+1.98946106376192j),(-6.02721887453184+1.43579146092544j),(-3.30830861828096+0.06375455326208j),(-0.86638533279744-1.0470396264448j),(0.66428271067136-1.53555130384384j),(0.19189771272192-1.27332517937152j),(-1.6501685459353599-0.45606005374976j),(-4.134921043968+0.58688077299712j),(-2.29573736267776+0.0205532233728j),(-3.4416244031488+0.51313131913216j),(-3.00484032200704+0.25131019665408j),(-2.44705191264256+0.02774235348992j),(-1.43676772712448-0.62259812368384j),(-0.52495707537408-1.11645737091072j),(0.34698881400832-1.23975220854784j),(0.192229670912-1.617755635712j)
37,4.974452361343915,(-5.10931524124672-1.12052987232256j),(-5.52638575804416+1.13091027140608j),(-11.33365231091712+0.30628630233088j),(-8.0153015222272+2.0120093065216j),(-6.09110852632576+1.3015780950016j),(-3.50444937281536+0.04884508704768j),(-0.9516380848128-0.97853850517504j),(0.5838106263552-1.54671855435776j),(0.25918766579712-1.41671190757376j),(-1.65649909284864-0.43562414637056j),(-4.23888341172224+0.5736708964352j),(-2.39120391602176+0.13053616717824j),(-3.41707128307712+0.53450754752512j),(-3.10626933014528+0.38058619568128j),(-2.68334490714112-0.06334514724864j),(-1.44040972517376-0.72178871566336j),(-0.51420652896256-1.19581989404672j),(0.39004791635968-1.2865423540224j),(0.25577094381568-1.73378233171968j)
38,4.974722631614186,(-4.69084382691328-1.22246295191552j),(-5.78088035418112+1.0227638337536j),(-11.11603101564928+0.31771404009472j),(-8.09432019632128+2.05502172626944j),(-6.25203155566592+1.4236742844416j),(-3.45619675742208+0.11645151608832j),(-1.0764773490688-1.05409251639296j),(0.56227400777728-1.51590753271808j),(0.08921130467328-1.39831292198912j),(-1.38071018307584-0.59497275981824j),(-4.29907972718592+0.68487145848832j),(-1.91030364209152-0.09883802927104j),(-3.34629189976064+0.39075650207744j),(-3.13144857591808+0.3450221887488j),(-2.835399835648+0.17366883762176j),(-1.14336752205824-0.61558633791488j),(-0.54818815082496-1.12271762128896j),(0.43884545572864-1.18594314698752j),(0.23470205304832-1.59669871968256j)
39,4.974992901884455,(-4.78117571330048-1.41269980413952j),(-5.01659125940224+0.70686009720832j),(-10.210043232256+0.24767893602304j),(-7.6946956353536+1.88479875055616j),(-5.64893828775936+1.22721904099328j),(-3.51457811365888+0.05968850583552j),(-0.9666630044876799-0.9096812036096j),(0.39238334676992-1.59368603500544j),(0.49098862362624-1.40677761466368j),(-1.06003794231296-0.68043065524224j),(-3.83660603736064+0.44716007620608j),(-2.05390302150656-0.12968088567808j),(-3.31650563047424+0.39343196471296j),(-3.28373536555008+0.3687229423616j),(-2.90775392845824+0.04053137096704j),(-1.40750239039488-0.55272949153792j),(-0.85899564023808-1.00656434118656j),(0.06437529452544-1.14490725105664j),(0.16077895499776-1.6050376671232j)
40,4.975263172154726,(-3.95860860993536-1.28114285871104j),(-4.92724486668288+0.80745225781248j),(-9.89954863792128+0.14566970884096j),(-7.01447951876096+1.61935853092864j),(-5.7372944891904+1.15325844586496j),(-3.40953428656128+0.19383550214144j),(-0.96796223209472-1.05777603805184j),(0.47609305628672-1.49365322678272j),(0.26730311974912-1.40167021068288j),(-1.28759126556672-0.60614290440192j),(-3.14807546806272+0.085439021056j),(-1.83919592865792-0.17089007976448j),(-3.30546857115648+0.31890773901312j),(-3.10758231506944+0.22618430242816j),(-2.88917383282688+0.29930056318976j),(-1.60291769810944-0.41970302976j),(-0.95401365471232-0.88000348291072j),(-0.07596982403072-1.04873504800768j),(-0.0696915329024-1.34707983417344j)
41,4.975533442424997,(-3.6412615294976-1.10445562167296j),(-4.18349813071872+0.45352560361472j),(-8.79575680679936-0.0052749549568j),(-6.32233882812416+1.38884763615232j),(-5.07829483995136+0.8546989113344j),(-3.12421591810048-0.19060486045696j),(-0.9885588652032-1.01946719469568j),(0.42439922417664-1.43735593631744j),(0.50548585791488-1.3223579353088j),(-0.75029773549568-0.88005364678656j),(-2.86917539135488-0.02897221255168j),(-1.48739683516416-0.26207336792064j),(-2.74395125776384+0.2119238156288j),(-2.888273231872+0.24430801584128j),(-2.88240221290496+0.18405092491264j),(-1.77306198867968-0.41964762300416j),(-1.33455522299904-0.78675143819264j),(-0.32698747846656-0.93927688372224j),(-0.06069892939776-1.33853209427968j)
42,4.975803712695266,(-3.5054197669888-1.33991957004288j),(-3.75419366801408+0.14894645641216j),(-7.25688009097216-0.12413854285824j),(-5.33453493764096+0.99039949357056j),(-4.05069841301504+0.38692861247488j),(-2.56306720014336-0.30099218890752j),(-0.4983363731456-1.15926041100288j),(0.39760936566784-1.53250372255744j),(0.540602793984-1.48135787626496j),(-0.52571473444864-0.92869180260352j),(-2.55862929096704-0.1224990523392j),(-1.10255828631552-0.53436892577792j),(-2.3030898098176-0.05409882505216j),(-2.40203109236736-0.05881103122432j),(-2.40813128810496-0.0407153672192j),(-1.54419861651456-0.37000191148032j),(-0.92942706409472-0.85644491620352j),(-0.13163635408896-1.01796068458496j),(0.02288009084928-1.40281441681408j)
43,4.976073982965537,(-2.17200422027264-1.35036103819264j),(-2.75933378379776-0.0917128609792j),(-6.00477968367616-0.29159684308992j),(-4.01196116344832+0.44389372002304j),(-3.03236032495616-0.01228908396544j),(-1.89455218507776-0.56930768781312j),(-0.1511943307264-1.27440135389184j),(0.58921997828096-1.71732438614016j),(0.44318207246336-1.45569896988672j),(-0.7183035006976-0.92595116048384j),(-2.43926594224128-0.16254341480448j),(-0.99427729539072-0.596383891456j),(-1.97739304452096-0.18712914558976j),(-2.03538147835904-0.34523114897408j),(-2.06181029117952-0.41032964112384j),(-0.90327599808512-0.7290866368512j),(-0.38606844461056-1.12445414703104j),(0.23661335543808-1.20585803792384j),(0.09168052289536-1.4668160565248j)
44,4.9763442532358075,(-1.82061415530496-1.39859117211648j),(-1.99554515337216-0.52176646832128j),(-4.68960868827136-0.54001735303168j),(-2.96688354852864-0.01098739154944j),(-2.10659472048128-0.52264035155968j),(-1.10229421293568-0.92738569633792j),(0.1496784044032-1.4261396963328j),(0.54391352590336-1.55397168037888j),(0.12419818586112-1.36354214182912j),(-0.97196175261696-0.8318902861824j),(-2.630180929536-0.10122492379136j),(-1.00205454163968-0.63398255525888j),(-1.85849895452672-0.37307658797056j),(-1.6326009552896-0.51685992955904j),(-1.41527175135232-0.68879011282944j),(-0.2372983062528-1.05884902490112j),(-0.04425209872384-1.39106113814528j),(0.49242907344896-1.34347692703744j),(0.3420739076096-1.559354146816j)
45,4.976614523506078,(-1.31061631680512-1.34806037856256j),(-1.81478877036544-0.7613911662592j),(-3.90078861934592-0.56685049675776j),(-2.2385034002432-0.34414461452288j),(-1.34722436988928-0.87066402619392j),(-0.32447014109184-1.32184992120832j),(0.66973287317504-1.52280548507648j),(0.64507393081344-1.57267039092736j),(0.09234496356352-1.18807326621696j),(-0.97981223141376-0.73900599803904j),(-2.39374331543552-0.16462704017408j),(-1.00323213443072-0.61163622629376j),(-1.586046697472-0.4681822633984j),(-1.36499832029184-0.59131104854016j),(-0.84822324150272-0.92751513255936j),(-0.34609358176256-1.196704137216j),(-0.0271466496-1.64532932575232j),(0.81608052834304-1.483969921024j),(0.3378078810112-1.8421324447744j)
46,4.976884793776348,(-0.85209903005696-1.46006540812288j),(-1.1942534053888-0.9768961835008j),(-3.08860795486208-0.79831387602944j),(-1.22466722643968-0.71967361204224j),(-1.00687513911296-1.0750592548864j),(0.03078241386496-1.50396316155904j),(0.81204510457856-1.55041138737152j),(0.42217301344256-1.58164922138624j),(-0.11909968429056-1.14909576691712j),(-1.36451874357248-0.61049189433344j),(-2.51395911450624-0.15725591789568j),(-0.68741316476928-0.69571788668928j),(-1.148584984576-0.66729275293696j),(-0.90448714530816-0.81097438265344j),(-0.7670488629248-1.07170163064832j),(0.06875959001088-1.28774335102976j),(0.20993034682368-1.57464255266816j),(0.8336909008896-1.62498359590912j),(0.522052435968-1.54833218699264j)
47,4.9771550640466184,(-0.61288147320832-1.35165623926784j),(-0.80358997491712-1.17617771675648j),(-2.0722646777856-0.73849043419136j),(-0.5250106785792-0.93847065460736j),(-0.38154056761344-1.19538301534208j),(0.18068921122816-1.59417794297856j),(0.904247902208-1.6519366967296j),(0.37664925417472-1.48149662384128j),(-0.41960857403392-1.14538624057344j),(-1.39551725060096-0.63464106098688j),(-2.65870622326784-0.03802981728256j),(-0.67320609243136-0.79611220197376j),(-1.40707683631104-0.64898251882496j),(-0.71260629368832-0.86596590239744j),(-0.70973646700544-1.17393728733184j),(0.16661181628416-1.35434361372672j),(0.42151400439808-1.61977443811328j),(0.83862659006464-1.4766542159872j),(0.31831525163008-1.63016540684288j)
48,4.977425334316889,(-0.38614423568384-1.48011485233152j),(-0.4039982972928-1.24550511591424j),(-1.53322010968064-0.93174794027008j),(-0.24592015949824-1.1107007725568j),(-0.0906425270272-1.35345903501312j),(0.51867417575424-1.542300106752j),(0.80177660952576-1.65488713793536j),(0.28315039563776-1.52041439625216j),(-0.27984272556032-1.11823449751552j),(-1.5841785544704-0.56734349524992j),(-2.75193184387072-0.13394591612928j),(-0.56012702744576-0.82487598383104j),(-1.2201217753088-0.64856057184256j),(-0.71732949942272-0.96195288498176j),(-0.69204921286656-1.18065261969408j),(-0.1070423605248-1.32332027641856j),(0.24356977639424-1.59227339341824j),(0.73581924974592-1.51541763801088j),(0.27789463912448-1.53483642667008j)
49,4.977695604587159,(0.01769521020928-1.42370062467072j),(-0.1673933094912-1.29428688470016j),(-1.12912609837056-0.9393399660544j),(0.03146044932096-1.24112492036096j),(0.05738970218496-1.54992887463936j),(0.36534795370496-1.58093518307328j),(0.70391292755968-1.59329042825216j),(0.02773916581888-1.45347045228544j),(-0.50581322334208-1.1344346611712j),(-1.2523684233216-0.53231661088768j),(-2.12942733705216-0.32114678431744j),(-0.65225441148928-0.78632991064064j),(-0.86358504767488-0.7762727246233599j),(-0.89274099695616-0.95549986439168j),(-0.67624264269824-1.20623099543552j),(-0.08448482213888-1.4735479144448j),(0.1824208715776-1.59186654593024j),(0.65623358963712-1.4157982203904j),(0.14466849701888-1.43843471130624j)
50,4.977965874857429,(0.05659106476032-1.6003366912j),(0.17990865125376-1.38707529105408j),(-0.97333027012608-0.99834862239744j),(0.24299352096768-1.25331147063296j),(0.25417067003904-1.56906194731008j),(0.36987331411968-1.68373472198656j),(0.76738927263744-1.54404426612736j),(0.30368122011648-1.42501495177216j),(-0.15332638982144-1.2020548108288j),(-0.8509789831168-0.82005454749696j),(-1.50165109342208-0.62939344142336j),(-0.25526536241152-0.99074476867584j),(-0.50245618630656-1.11580884762624j),(-0.497356374016-1.08788191330304j),(-0.43889285136384-1.24828333899776j),(0.04960904282112-1.37635783770112j),(0.3754034200576-1.60825989922816j),(0.56732692774912-1.34790946750464j),(0.3392795574272-1.70128402546688j)
51,4.9782361451277,(0.20227479830528-1.57870767210496j),(0.14118481297408-1.5392751747072j),(-0.63781933678592-1.14531711844352j),(0.37495412621312-1.39432011235328j),(0.43826903252992-1.62683697496064j),(0.42614652928-1.65967250325504j),(0.89248908705792-1.61452249841664j),(0.37947873165312-1.59478141943808j),(-0.02238290853888-1.26524518825984j),(-0.18804904034303999-1.1030017081344j),(-0.88156066021376-0.79697580916736j),(0.11998485020672-1.14026717642752j),(-0.51425405042688-1.12770817196032j),(0.0695682727936-1.24885426765824j),(-0.29085080223744-1.56867187703808j),(0.31839722930176-1.5567092187136j),(0.3643596079104-1.63471891103744j),(0.76943089205248-1.48008062681088j),(0.4651948703744-1.54187379769344j)
52,4.978506415397971,(0.18435218079744-1.56502081929216j),(0.35389997842431997-1.59133202382848j),(-0.30880336707584-1.1947592384512j),(0.4909640450048-1.43156226031616j),(0.29897252667392-1.71717590777856j),(0.46650030555136-1.76388233494528j),(0.7375020883968-1.58402604957696j),(0.54478988378112-1.46831040315392j),(0.12438280863744-1.4052231217152j),(0.13806938882048-1.26439332511744j),(-0.2638879916032-1.0748151463936j),(0.6481959190528-1.39533765050368j),(0.13175301865472-1.45596237217792j),(0.3655904264192-1.42467454205952j),(0.25508999856128-1.58252666978304j),(0.41563921055744-1.3982442192896j),(0.47099869659136-1.78235287535616j),(0.83121483546624-1.4959287205887999j),(0.45929059057664-1.61352509292544j)
53,4.97877668566824,(0.53839126331392-1.54527068061696j),(0.21320544813056-1.80137622503424j),(-0.12435236847616-1.08628732280832j),(0.60040845197312-1.40135698006016j),(0.25338576896-1.85887493193728j),(0.43316993327104-1.65093979455488j),(0.67186685116416-1.59245592952832j),(0.53304218353664-1.56142646853632j),(0.28460338642944-1.35734774202368j),(0.25038101151744-1.24306453430272j),(0.08436311392256-1.26478113046528j),(0.6151741636608-1.41596901244928j),(0.44027026079743997-1.42761340698624j),(0.57549256654848-1.5562948214784j),(0.0811139334144-1.7807571943424j),(0.67642488520704-1.63467831017472j),(0.46521076678656-1.78753502183424j),(0.90525419962368-1.48578756460544j),(0.21432931188736-1.75339842043904j)
54,4.979046955938511,(0.36994528837632-1.49384431927296j),(0.3965926244352-1.70144173129728j),(-0.14875853062144-1.13407093112832j),(0.65467918057472-1.43402616225792j),(0.4586983129088-1.7561206915072j),(0.57336601247744-1.6070400278528j),(0.8360732655616-1.55032783683584j),(0.4733221732352-1.6206807433216j),(0.14331602272256-1.30519912153088j),(0.56810140598272-1.38537156476928j),(0.31688195309568-1.2557729398784j),(0.6855812186112-1.44148128595968j),(0.6006834724864-1.7285708251136j),(0.63793258299392-1.65207661871104j),(0.04108670468096-2.0382966874112j),(0.6512260939776-1.76177310334976j),(0.69086071488512-1.66909878206464j),(0.84052249935872-1.48834558672896j),(0.03843470393344-1.72214364143616j)
55,4.9793172262087815,(0.42545631461376-1.56497719853056j),(0.40631682465792-1.75076993400832j),(-0.1568981123072-1.19199091392512j),(0.69914723352576-1.45206536044544j),(0.52345085886464-1.62146860138496j),(0.5452054554214399-1.64066223980544j),(0.8202104078336-1.68072505720832j),(0.38461029482496-1.43936584679424j),(0.28160634650624-1.41362036998144j),(0.36296412102656-1.27872391970816j),(0.30582478209024-1.25165153288192j),(0.87157125414912-1.49386025762816j),(0.57249535885312-1.59259299938304j),(0.52842383540224-1.82525439770624j),(0.30344313044992-1.90432407453696j),(0.56714304946176-1.79479418765312j),(0.5632149159936-1.69399147298816j),(0.75368220327936-1.50697416851456j),(0.0690604212224-1.46801998954496j)
56,4.979587496479051,(0.60275306790912-1.54858770399232j),(0.27347820478464-1.72951504683008j),(-0.0356492640256-1.04065807679488j),(0.69971317096448-1.42153720266752j),(0.35459598123008-1.709363429376j),(0.38115980869632-1.62042187087872j),(0.65840917512192-1.55696742006784j),(0.21059407446016-1.55684947623936j),(0.31889035362304-1.40412429795328j),(0.44165274533888-1.3858089467904j),(0.15336861597696-1.30870807625728j),(0.78593396834304-1.48727973019648j),(0.71188470562816-1.6018919391232j),(0.7049446424576-1.6462299267072j),(0.46205295919104-1.72063587303424j),(0.71056651976704-1.58170861273088j),(0.53116682633216-1.6447095753932799j),(0.52433317265408-1.37757494083584j),(0.12533192720384-1.35719322386432j)
57,4.979857766749322,(0.51809519403008-1.49351213039616j),(0.67260878159872-1.50486711795712j),(-0.07903651037184-1.10372958765056j),(0.77744184492032-1.56711126040576j),(0.2145514422272-1.62623299518464j),(0.2059111759872-1.642904682496j),(0.46796776669184-1.6151157407744j),(0.4102190792704-1.3866863951872j),(0.3089037787136-1.35116491849728j),(0.12187870429184-1.19734796288j),(0.25762048507904-1.41684461535232j),(0.81366158934016-1.45490792415232j),(0.61482653974528-1.69526956130304j),(0.78561545289728-1.6578523430912j),(0.30243570057216-1.83149300547584j),(0.33802340532224-1.73679904292864j),(0.34949841289216-1.7465677447168j),(0.53476570693632-1.34597891325952j),(0.13502112595968-1.41266306203648j)
58,4.980128037019592,(0.63254114074624-1.47616230801408j),(0.25092744544256-1.7568957988864j),(-0.25241485049856-1.11368862695424j),(0.49347551035392-1.4820606738432j),(0.30669392576512-1.8819053518848j),(0.5270610640896-1.680821190656j),(0.68027236220928-1.47536606134272j),(0.47631048900608-1.50448073867264j),(0.37018914521088-1.4114806038528j),(0.3629348028416-1.34964616101888j),(0.40017439227904-1.237795733504j),(0.7249946738688-1.47478154313728j),(0.55848244084736-1.53369020727296j),(0.66931918897152-1.568761970688j),(0.32823859740672-1.83665770364928j),(0.69219496493056-1.65115756281856j),(0.47595191795712-1.73905926946816j),(0.69178799161344-1.47058019270656j),(0.03779205267456-1.479993720832j)
59,4.980398307289863,(0.62105654919168-1.58311353679872j),(0.5442883289088-1.61387540119552j),(-0.11979017158656-1.16315574501376j),(0.7539018170368-1.51089332617216j),(0.51192830885888-1.64733319643136j),(0.54396356395008-1.63093850095616j),(0.63986628296704-1.53313655914496j),(0.57331526139904-1.69450754015232j),(0.542288904192-1.46553041846272j),(0.53088727597056-1.36715234705408j),(0.40556407291904-1.49184564953088j),(0.93212316270592-1.445701091328j),(0.48856771330048-1.7217248821248j),(0.66536102428672-1.7514834690048j),(0.42596474814464-1.74206675320832j),(0.64725018738688-1.64314778435584j),(0.54229364375552-1.73950319460352j),(0.83430259818496-1.4424639275008j),(0.19242065854464-1.46365791338496j)
60,4.980668577560133,(0.7027331956736-1.57705427746816j),(0.28488283193344-1.6963266936832j),(-0.104394653696-1.08723204784128j),(0.6062830780416-1.49293163872256j),(0.30659378675712-1.8327413981184j),(0.68901618581504-1.73600262848512j),(0.63222459662336-1.58571551522816j),(0.6282184491008-1.57957371199488j),(0.6575643164672-1.51786224615424j),(0.7346243764224-1.4792672673792j),(0.4527839248384-1.46858219405312j),(0.86963558285312-1.50421448425472j),(0.55292427501568-1.73122682617856j),(0.69543305150464-1.72391028228096j),(0.59448055824384-1.79845027856384j),(0.56571803467776-1.7701917425664j),(0.54525310271488-1.72858726678528j),(0.966648659968-1.52297174728704j),(0.21725532127232-1.61076490534912j)
61,4.980938847830403,(0.53604689903616-1.56151538778112j),(0.52544151748608-1.68122753482752j),(-0.0090525597696-1.08492241240064j),(0.71730223644672-1.46232529911808j),(0.62853906169856-1.58119690764288j),(0.49512810807296-1.58957679149056j),(0.72049695391744-1.457298341888j),(0.68603269349376-1.56503793205248j),(0.7401734406144-1.62808889081856j),(0.910199619584-1.47532596379648j),(0.66746241253376-1.46081954398208j),(0.9735931691008-1.4953926885376j),(0.44469915222016-1.82310808846336j),(0.85114692304896-1.63941351161856j),(0.48417380237312-1.77597132570624j),(0.7264983318528-1.65045291974656j),(0.45033659039744-1.88064169197568j),(0.80411342405632-1.55989705752576j),(0.48735283314688-1.67992763613184j)
62,4.981209118100674,(0.49852180332544-1.4696656666624j),(0.37745590272-1.78757646155776j),(0.01021324099584-1.21284977491968j),(0.59648212205568-1.46940159328256j),(0.47078529040384-1.67768569675776j),(0.4320403652608-1.8521450872832j),(0.80388802215936-1.54218115629056j),(0.6270270570496-1.58790863290368j),(0.67212480086016-1.62687271043072j),(0.69385481879552-1.50842892091392j),(0.6823190986752-1.48549480218624j),(1.00526150647808-1.5475866075136j),(0.70678896181248-1.7421276545024j),(0.76995148906496-1.69194314268672j),(0.31862151970816-1.97040902504448j),(0.63927761240064-1.70192709615616j),(0.59251410075648-1.72004581834752j),(0.86086428655616-1.56552363245568j),(0.2749763682304-1.73141087223808j)
63,4.981479388370944,(0.54905511346176-1.50781688807424j),(0.59830102392832-1.65942201942016j),(0.04624459759616-1.2437352873984j),(0.80445609869312-1.54545690771456j),(0.60474729168896-1.70685926211584j),(0.5553375936512-1.67292633612288j),(0.77352721711104-1.60825788596224j),(0.64091804663808-1.63400755707904j),(0.6587869560832-1.6572945006592j),(0.687905701888-1.4637063995392j),(0.74301726261248-1.52427600805888j),(0.96637124870144-1.5338083188736j),(0.77773192298496-1.68068479188992j),(0.79152195567616-1.6058572341248j),(0.2413498990592-1.8188825788416j),(0.64242401148928-1.78035085017088j),(0.75679395741696-1.5949839204352j),(0.84971096113152-1.409130954752j),(0.16020823605248-1.72221276356608j)
64,4.981749658641214,(0.54688468697088-1.5361873281024j),(0.43487122685952-1.79993590104064j),(-0.22211884744704-1.08429100187648j),(0.76364535300096-1.53222572408832j),(0.60758612246528-1.6861404069888j),(0.6763887722496-1.65209138266112j),(0.92914596184064-1.63495597309952j),(0.77684289830912-1.53017638715392j),(0.66797088800768-1.51578405240832j),(0.72183166533632-1.48388569939968j),(0.47787861344256-1.4993588224j),(0.90766030405632-1.50231379345408j),(0.6583782211584-1.72956957278208j),(0.82135897604096-1.59408902373376j),(0.24621692747776-1.93999461679104j),(0.55953131044864-1.55956906295296j),(0.57835182358528-1.63205972230144j),(0.86155819220992-1.48763221950464j),(0.23145132064768-1.41964003508224j)
65,4.982019928911485,(0.63367033126912-1.5516047507456j),(0.54515470434304-1.49779954794496j),(-0.2318287241216-0.993079066624j),(0.66718965694464-1.50462082842624j),(0.42558042406912-1.67026614075392j),(0.26389216493568-1.82007996874752j),(0.89305800245248-1.6242546258739199j),(0.570054148096-1.57869408256j),(0.67577715884032-1.56555601248256j),(0.75413552365568-1.50944981450752j),(0.47841619738623997-1.46956315787264j),(0.83108883857408-1.47220221394944j),(0.59782857752576-1.58349807058944j),(0.76045826916352-1.665184825344j),(0.49599293161472-1.6433878663168j),(0.6870351740928-1.5746457403392j),(0.27586686091264-1.79280558424064j),(0.73236943470592-1.42454619635712j),(0.1036165054464-1.60972572459008j)
66,4.982290199181755,(0.50920746385408-1.4580625440768j),(0.49245168074752-1.6864935673856j),(-0.0206586642432-1.1204001005568j),(0.73725621829632-1.4582655483904j),(0.41932730400768-1.818989953024j),(0.5671749681152-1.64486778454016j),(0.75237232214016-1.5787553193984j),(0.611750772736-1.71341160382464j),(0.75594226204672-1.4590926651392j),(0.7900378431488-1.5019827789824j),(0.60976439230464-1.55482815725568j),(0.8457956622336-1.59539680772096j),(0.72667289878528-1.6093603168256j),(0.74180510875648-1.69337021267968j),(0.3712697237504-1.92490502094848j),(0.47754743119872-1.6588874973184j),(0.47914529325056-1.7077410725888j),(0.72209741643776-1.47234482028544j),(0.12287467323392-1.58842520338432j)
67,4.982560469452025,(0.60683605508096-1.57414779256832j),(0.32509244997632-1.73519732211712j),(-0.03940113186816-1.2108091621376j),(0.68579126935552-1.48123808694272j),(0.70398465015808-1.67879802617856j),(0.43059177848832-1.53600227540992j),(0.80222246404096-1.52041976496128j),(0.66071721672704-1.61665437925376j),(0.6344604123136-1.55143211319296j),(0.89860606001152-1.50926341963776j),(0.73648572465152-1.4085294915584j),(0.90731024744448-1.59264534429696j),(0.69276643885056-1.64010087415808j),(0.81017729712128-1.65784059904j),(0.372764573696-1.82045326180352j),(0.59492377034752-1.64544794066944j),(0.55519297404928-1.75213996146688j),(0.72800341590016-1.53028913004544j),(0.45035714248704-1.59546324549632j)
68,4.982830739722296,(0.66064847208448-1.44512345178112j),(0.47022589607936-1.82150754205696j),(-0.15465465249792-1.17007265562624j),(0.73406141693952-1.45707319164928j),(0.50332692381696-1.64089963741184j),(0.62132871757824-1.67198664425472j),(0.83816345501696-1.53237839675392j),(0.62139737833472-1.64154807681024j),(0.60664890523648-1.5501887537152j),(0.73520721690624-1.56933625479168j),(0.57880778637312-1.40070736625664j),(0.97211106983936-1.54157013008384j),(0.86017851785216-1.692846260224j),(0.87218974621696-1.675695751168j),(0.3634058231808-1.86554739851264j),(0.73427146768384-1.70162896502784j),(0.7362706407424-1.74354918801408j),(0.8990821974016-1.48614609371136j),(0.37541692571648-1.76694182805504j)
69,4.983101009992566,(0.55669189246976-1.64648695365632j),(0.33560423563264-1.90453647409152j),(-0.04210497683456-1.17014261661696j),(0.62130271289344-1.56408716722176j),(0.56464488005632-1.78439969570816j),(0.57150336401408-1.8084547002368j),(0.87747129769984-1.5951659532288j),(0.63827102138368-1.677037928448j),(0.59475222331392-1.56582226690048j),(0.81726499979264-1.44459429838848j),(0.65820893904896-1.4789040406528j),(0.96523970936832-1.54006169059328j),(0.7433300738048-1.72428726632448j),(0.772578213888-1.72753499979776j),(0.5370862895104-1.78238810750976j),(0.58659426009088-1.68310406643712j),(0.601207341056-1.82053496684544j),(0.83819323457536-1.49475532210176j),(0.25323489984512-1.74285679230976j)
70,4.983371280262836,(0.35867208974336-1.47885907771392j),(0.34095144894464-1.61460101578752j),(-0.07958058500096-1.14221249462272j),(0.74245287706624-1.4752449298432j),(0.41046247473152-1.70500772855808j),(0.44903228768256-1.64604353183744j),(0.781736476672-1.57516700844032j),(0.57582618148864-1.55346668617728j),(0.64316216705024-1.49817468649472j),(0.82892139003904-1.5492265803776j),(0.57799308476416-1.49580423364608j),(0.93795660070912-1.52335644884992j),(0.60833627373568-1.76220293562368j),(0.79775016157184-1.68654037581824j),(0.48688147726336-1.92515718250496j),(0.64315210072064-1.69539539042304j),(0.63823658614784-1.81703070973952j),(1.005926219776-1.53457050779648j),(0.39938762473472-1.63060044005376j)
71,4.983641550533107,(0.5700094787584-1.51796173504512j),(0.47533699104768-1.77663301910528j),(-0.10437560107008-1.19638142746624j),(0.79685073502208-1.46165471379456j),(0.4684223873024-1.64309124513792j),(0.5694099030016-1.6659718445465599j),(0.7343211282432-1.57675782406144j),(0.68191745212416-1.58004766834688j),(0.63806684266496-1.69970008850432j),(0.66746144784384-1.4239443976192j),(0.68904206467072-1.49105359716352j),(0.81399352655872-1.5416868995072j),(0.83540997832704-1.60164044865536j),(0.83507955105792-1.6260737794048j),(0.3410356076544-1.84275169181696j),(0.77243778859008-1.57299352010752j),(0.59476832944128-1.67285671067648j),(0.914408603648-1.59706999947264j),(0.47926483091456-1.56265456074752j)
72,4.983911820803377,(0.60710570688512-1.47253004075008j),(0.32735139725312-1.74864006643712j),(-0.13070812315648-1.12856339054592j),(0.67731168690176-1.4589223763968j),(0.5161170763776-1.62647995580416j),(0.57446861111296-1.7866929733632j),(0.7190937075712-1.58877198843904j),(0.64465395515392-1.56500605534208j),(0.68147075874816-1.53616820207616j),(0.73461800108032-1.49457127604224j),(0.73838406664192-1.51657543368704j),(0.89373496311808-1.53157342593024j),(0.77688425414656-1.50826265870336j),(0.753892589568-1.71338341810176j),(0.44914859573248-1.68723042271232j),(0.54409492955136-1.72629549907968j),(0.46436066525184-1.76677472698368j),(0.86315773198336-1.50539711021056j),(0.29822596153344-1.6127065325568j)
73,4.984182091073648,(0.48477815963648-1.64206296956928j),(0.39689465626624-1.65603637723136j),(-0.20688031186944-1.02868149338112j),(0.7189410349056-1.534955880448j),(0.45284646191104-1.61079510433792j),(0.42830361788416-1.76027842117632j),(0.70520158552064-1.54530188623872j),(0.65097405825024-1.58598428622848j),(0.66941087645696-1.48130033041408j),(0.74031369814016-1.4578259853312j),(0.48545184874496-1.47473523802112j),(0.87972732993536-1.56853581381632j),(0.41303693852672-1.72265551429632j),(0.77425308336128-1.66064222633984j),(0.31926110912512-1.95192120410112j),(0.61697196818432-1.68233181118464j),(0.43032191696896-1.89807389048832j),(0.92774514819072-1.5284563869696j),(0.33190622265344-1.65890209349632j)
